-2.6864930426990083,1.1941562321423236,-1.5237316210058527,0.0
1.1696202157984104,4.0063802180230645,1.8871597720848161,1.0
0.4655634365684751,-1.7868077202836599,-1.3796553067668604,1.0
-1.5770495792466432,2.124254878860821,3.133463792804582,1.0
4.38847066105223,2.247835959111308,4.96687395879065,1.0
-0.5516653458618972,3.552867150494386,-1.8979244774108714,0.0
-1.6100645186214804,-4.738003615404889,-1.9495115614630287,1.0
-1.9267176792978313,3.342741790354408,-0.45451157803054176,0.0
-3.8169315946810576,-3.706239021526563,-2.061038259976178,1.0
1.473977485157837,-4.7061807962557465,3.404112248624921,0.0
-1.6603572068309767,-3.5973330042045926,2.5100874607554573,0.0
-0.6528609228758828,-1.2377291664749035,-4.579789495155506,1.0
-1.0717914659204322,3.880770749086164,1.6893826349373704,1.0
3.302256567809012,1.7238959541214447,-0.27105291298992285,1.0
-0.5398063699070033,2.9208048215501243,1.2168026718435554,1.0
-2.381082737887079,2.182306675748679,4.576053152982221,1.0
3.1683803755106705,0.5153050496181688,1.7794332575832295,1.0
-3.433245715229123,-4.4972509756273995,-2.9086576749442394,1.0
2.5590705282939643,1.9066912905806932,-4.7244428514436345,0.0
3.7657568320872716,-2.0540619435158347,2.3709317760145385,0.0
4.148464449322155,-4.117268015932236,0.6259909215200388,1.0
-2.7156570775307753,-1.415064083794534,0.5119876650353428,0.0
4.689136889571989,1.077157432721867,0.289608917471047,1.0
-1.5597703716985825,-1.4932558613483096,-3.0876435880715256,1.0
-4.436503766463497,1.552000869407701,-4.400950252570432,0.0
-4.178062483524169,0.41407115736195177,-2.3786097206615198,0.0
-0.39510024747144623,-2.189923104367394,2.192899528432224,0.0
4.310619418862837,2.4615203275525976,-0.5660140117637136,1.0
4.0315856273249935,-2.227775429629939,0.930807161697401,1.0
-0.8705520692399249,-1.4571359468838518,-2.2972631422399226,1.0
0.3743058436138478,1.5592493515013945,-2.5914592934055083,0.0
0.013946152429308967,-1.0450181457121657,-2.714928164964964,1.0
-2.906865899137532,0.5515763264250193,3.004254152353017,0.0
2.7870196899031185,2.7049199196489857,-3.1633031877484985,0.0
-2.0814160857286446,4.318240479794364,2.893091032056488,1.0
-2.178930464101696,3.8902244579441394,-3.6322849735343676,0.0
-1.1741585955136982,3.1583812072943314,4.8706678317361565,1.0
2.292356560509652,-2.1534749306706793,-3.8439435273142886,1.0
3.717783955594248,-2.8111486437308333,3.213129119026,0.0
0.35188446378298455,-4.967526015699564,-3.9905945894033366,1.0
1.191909163291105,-1.9244280908296285,-2.05588167364275,1.0
1.1332823569354176,-3.703774503286519,-1.1238485632609638,1.0
-4.09219904381962,-2.320832366541431,1.69795520735528,0.0
-1.6437382963280456,-2.3383801961798834,-1.161027357472031,1.0
2.355781743962277,-0.7505797986303255,-2.1669618466219354,1.0
0.8801843680075905,-3.8243225157567307,1.7772278494661844,0.0
-0.6733152646564502,0.09106655335280411,-0.6555632838162175,0.0
1.9897244370135967,4.302094104051445,4.370708741490041,1.0
3.9531568648475552,0.5513580661948216,-2.6314061144593337,1.0
1.0206136658908829,2.6788027567511747,2.4857562263146384,1.0
2.7284269613332093,1.7056787033009346,2.3132475833462482,1.0
0.8489769308925865,0.43115853971115836,3.384576316537043,1.0
1.7621403132203985,0.7330694747528117,-3.8822796851830987,0.0
1.1671071855953041,-0.8882736859961575,-4.1163729541698935,1.0
-4.639736069481527,-3.6464115736905045,-2.567886978624764,1.0
3.4424942085037156,-4.682534255869449,3.9679705977721884,0.0
-1.3600892794543418,-4.394316360446905,-0.2821182821682129,0.0
-3.2400255816937062,2.050808213206966,-2.8058097271959292,0.0
0.5838585087366539,1.8852834992438545,1.0988879986047966,1.0
2.494646739917389,-0.9295237291575447,-3.745200593813116,1.0
-0.7866159842151763,4.62967830802927,3.337596923911878,1.0
2.30072882258918,-3.842333579113899,-0.6620299387425623,1.0
-2.7145180723720888,1.4373102987430064,-2.661490501482403,0.0
1.237834080229585,-0.32362655338714763,-3.6924840297227512,1.0
2.660970597535411,3.1913679809972386,-0.20578085939457313,1.0
4.478804096697855,-0.01133501447952856,-1.7104986122365338,1.0
2.079184682624984,4.541055623598016,-1.8827220179590887,0.0
-1.45101363725208,0.8945206977951781,-3.604658120309897,0.0
0.5739080780750481,0.10373752081149412,2.454581555506099,1.0
1.1418182069073612,3.321875868581815,3.159678390247791,1.0
1.365918937771328,4.694659527556155,2.267778520368915,1.0
0.4009205012883488,2.8132247323095907,-1.1502802739167226,0.0
0.5395522865139863,-2.4573103701096324,1.1604915006978196,0.0
-4.6907600308843005,2.4007666612807306,-2.2715057236735134,0.0
2.510050103401726,-3.787980007490106,1.659459140024354,0.0
-3.6925905493875497,-4.93596737352313,-1.7714765769007226,1.0
2.3596918085600276,-3.087560569990538,-2.188816668842186,1.0
0.872928567551229,-4.697480545574017,-0.7682467342747827,1.0
2.0537446191567916,3.217022634252073,0.1268048596351381,1.0
-1.4884841792427328,-0.03996282932242323,2.3285912663133157,0.0
-3.828068323619264,3.2630218755523686,-4.809116316418473,0.0
-2.3933866240929147,-1.1294972234817866,1.2608094789064523,0.0
2.6103962306367032,-2.7570800759578895,4.488879100278631,0.0
2.484909935938866,-4.800871958944503,-0.43259465981651335,1.0
-3.914658597883589,-1.308174282481065,-4.748248284042917,1.0
-4.118923514479981,-3.359955602324659,3.4932425480357345,0.0
-2.806387238789052,1.1516944415079493,-1.3514459026101635,0.0
1.5122010723625623,-3.0909207641975813,-4.282837956083023,1.0
0.7613655211584538,-3.5602756666761937,1.7585410834544444,0.0
1.9022888117876953,1.5691242310420463,0.8029720708035644,1.0
2.9957293395545896,-2.1768462572583047,-3.655201675432318,1.0
-0.2564087135704787,4.360670873300492,-4.992669228777016,0.0
4.5677359288066945,0.3539939746218925,-4.707165948065421,1.0
0.33656383783290256,4.475901614916518,-1.6173858781926684,0.0
3.832706016614619,3.9779683769166763,4.003457969640179,1.0
-2.7568226506729943,1.5160907619568906,4.600333174270512,1.0
4.40010803039176,3.3427714060208853,-2.9048236363277233,0.0
4.184826314097549,0.2738325633033547,-3.431207944575063,1.0
-2.3888931525455135,1.112191124281809,-0.5512960930006949,0.0
-4.209015769522912,1.859660080315459,-1.245784806966832,0.0
2.2825417237687535,2.794645102914348,-3.9253458207752514,0.0
-4.555192312860915,-1.1680405505716118,-1.0394305053134056,0.0
-2.6224993489025286,-3.520694336845578,4.846038121909009,0.0
-3.681976137012728,-0.7846440180812051,1.8281283388761684,0.0
-3.943087185473794,0.543313937095653,1.5046774444340896,0.0
-4.587560235513868,-2.5927836995525877,0.05832514796146171,0.0
-4.726482316219414,-0.1114478060502675,-4.376854091251634,0.0
-2.954588711859447,2.7123182758067994,-1.495817242224903,0.0
1.282171651264557,1.8100670960927498,-4.99690280760274,0.0
-1.754866256427178,3.213921020256473,4.183304563656749,1.0
-3.5652693333634167,-0.08670125932836026,-4.493880940630878,0.0
4.221725312884333,-4.724539540079411,-1.1893615369651722,1.0
-3.9487243533878447,-1.114770167825979,4.275496353621042,0.0
-2.3153422827994374,-4.467544943053038,-0.7102932264738326,1.0
1.9537818592530298,-4.872084907803863,0.1397205068969507,1.0
-4.350555202734886,4.585818647231076,-2.8006522157535585,0.0
-0.8337434450112982,2.816608753540841,-3.932425981444271,0.0
3.8459607640918403,3.343334218992206,-2.827576196638353,0.0
-4.816418303900447,1.2972867918672213,1.7888547159980464,0.0
-0.0024885816985040776,-1.2154210669544465,4.8274764442113725,0.0
0.24835937620054072,-2.1774584439108757,2.7370234900802624,0.0
-3.222123940692337,2.863663501826669,-4.144763767562946,0.0
-3.0179420510597477,4.3200428956447094,-0.5072768531858651,0.0
4.446961097369906,-0.7789405405097982,1.5196538069721202,1.0
-2.945146812606213,-0.3468047468058444,4.264847605997211,0.0
2.175458565179847,0.5890821143222338,-3.796584233067808,0.0
-2.971495309608112,4.865487633906723,-2.7268251752573844,0.0
1.151862208124383,2.385994681550562,1.1709093154680783,1.0
1.2657979384323603,-3.6915192393829113,4.7169381195417355,0.0
4.507419085818389,3.746617427690259,-2.4734474352754576,0.0
-1.253152277798466,-2.9467664199195953,2.0567941785957844,0.0
-2.250788150846356,-1.9116504199251727,2.275116795898553,0.0
3.809364605393249,-4.846016779127843,1.5182063215858772,0.0
-2.512125790961832,-3.340919369619084,0.9281613452621826,0.0
4.256119657601253,1.6694110183691846,-0.02879214194611812,1.0
-0.755200682222771,-4.035989843426032,4.929502150727171,0.0
1.2833090155467222,-4.356362354077444,-4.859571070543072,1.0
2.5376503279025355,3.0344626727743105,-2.044822214005173,0.0
-4.734192873613088,-1.4157058406091672,-1.8515776839262421,0.0
-4.79712635499629,-3.1561628499157157,-1.1493824186608248,0.0
-1.699979884006284,0.9313523781706756,-3.716878381943347,0.0
0.8373987584673781,3.302646895656242,4.71055781255288,1.0
-4.950128731977577,4.179289907948444,-3.251347379072629,0.0
0.5443652763006686,-3.600177345532546,3.7875018946300116,0.0
-3.3733762742087867,4.480421809673942,-4.764155599168291,0.0
-3.2950201477912824,-3.601158412891976,4.8114292925873965,0.0
-2.381083323195432,1.4759910227959816,-2.511026686662825,0.0
-3.3896838991743703,4.133570725373412,-4.881866514953104,0.0
2.5150127165188607,-0.2040988607862655,-2.555515997979904,1.0
-1.495194348239799,3.0069345987741585,1.8298737357411712,1.0
-1.009037074078484,-3.7973710412035966,-1.9384424584373647,1.0
-4.896408870457234,4.198493998061274,-0.47775923072959525,0.0
-1.7469779662021647,4.5361212688205335,2.5930891282707993,1.0
-1.0755443996257008,-0.6733178031625,2.8962705984480275,0.0
-4.6676554289199235,-1.9451634137245244,3.6807280749960753,0.0
2.3735319585233237,0.7204951724632993,-2.3085419304110832,1.0
2.8694273210990238,3.6868335967832184,4.738930371608038,1.0
-2.7573424237265476,-4.807368831577873,4.120633728833278,0.0
-3.2172437498889597,4.754099745776028,2.915827205792211,1.0
3.9309239361096218,0.4749625900317529,-3.9035414242279973,1.0
0.06950461927585394,4.303200386350092,-3.0016421638142097,0.0
0.2933989142360458,-3.0131256538703663,2.722993241708645,0.0
2.8437919966262957,0.8134874444100042,0.3688615393959669,1.0
-4.114802443418391,-0.14885032017436384,4.0848491490232455,0.0
-3.8289444401291117,-1.4092198273376901,-1.9591027245962591,0.0
3.6971893196233285,0.3450394430380417,2.83467612875559,1.0
1.985589573865628,-2.787127054020755,0.9652843218173146,0.0
-2.554470735244001,-3.3093502473994088,-0.1790084026062475,0.0
0.8998513841667402,3.4241651163362192,4.58854103262372,1.0
4.211700351398381,4.858994948233008,-2.842900114710135,0.0
-0.010287846697494274,-4.830576336578623,2.809884723393897,0.0
0.6949810688613027,0.2177832612220456,1.8100591288587662,1.0
-1.7946836201905114,-0.7829618462297763,-0.12155238948579061,0.0
-4.910286359253403,-4.283169877508274,3.3018813917059155,0.0
-0.051527566690662496,1.369724041492618,-4.870070094216917,0.0
2.569137885377751,-1.9907104450035584,-3.8408108825477583,1.0
4.092036033850791,3.8844176045768553,-1.9975770303108442,0.0
1.1969425178324915,3.0632488334094834,0.22083322294705798,1.0
-0.9547174340467546,-2.3955210319375952,-4.947383142188593,1.0
0.7745187581771056,2.0686275096439575,2.604872971049433,1.0
-3.678517736410265,2.1995702262338117,4.025030552369232,1.0
0.3118541811132065,-3.0009218081400957,0.8094451908562572,0.0
-1.9399914694757348,4.597181721236032,-1.036529960390613,0.0
-0.26196473650854557,3.0290204842723423,-0.49985780806336244,0.0
3.4573609147639406,-2.772218846114578,-4.605804545955575,1.0
-1.1336527776025096,3.5910545255736075,0.4975638276003336,1.0
3.090756647101834,4.820456882837057,-4.407759895509043,0.0
-0.1449566117440737,0.6380525126745331,-0.5915931301832789,0.0
4.78094600568576,0.8701684702177639,-2.1998093077768557,1.0
0.909070128598807,2.3198271962334482,4.653323404113417,1.0
-2.1343108894186225,0.4739572326674999,-4.975333388326172,0.0
-1.098439679745269,-1.5220029175270278,0.7934045848933646,0.0
-1.0499725999147835,-0.17008415449251224,-1.603931527188922,0.0
2.529825942656087,-1.420463534074007,1.4053412066652982,1.0
-3.9713968991360904,3.2236157460371686,2.731659709473658,1.0
-1.4997018371959547,-4.222172827636381,-2.7364456647761557,1.0
-3.1969791790427693,-1.6749638801942393,3.8295177202885657,0.0
-4.052129538142592,-4.641065419727406,-4.160151305534118,1.0
2.853982198018911,-0.5852460215458759,1.3107672865837552,1.0
-4.609582604176636,-0.2891996764512461,0.8160235788829233,0.0
-0.3511353185983328,-0.1880104170619994,-2.2907685310041814,1.0
-0.42128261440352777,4.131412989413125,1.143054165682118,1.0
-2.134555673305376,2.003032785037605,-3.736347720460044,0.0
-4.742708975835841,4.026210201634733,-0.5713737519914659,0.0
3.908364101109443,-2.493470017125529,-4.106265577661191,1.0
-2.507752938734047,2.123190181974425,2.3628506508142655,1.0
4.253515427498055,3.434895810387639,-0.21196405832130516,1.0
-3.670008546277593,3.8985849955019347,-3.416314857182998,0.0
-2.102391263983061,-1.8302760456137257,-4.06737541236179,1.0
-0.27446394169593447,1.0440838011157236,4.3053781966228275,1.0
3.375139663547108,2.2113785022516455,-2.7348082562465095,0.0
3.0107225873604335,4.444717909672775,-1.7967007934259769,0.0
0.056923223947231705,0.4508413669267881,-3.563585544231106,0.0
3.999867938373713,0.1440203387281569,2.0728956380893138,1.0
-3.7132709453832637,3.1337065067952654,-1.36983755257123,0.0
3.282504426938594,3.2114482361792085,1.256998408609932,1.0
3.666084560262407,3.4958663202640707,-2.754773747586876,0.0
-4.564612094704547,-1.2373832535895648,4.797365510026497,0.0
-0.8338401240389608,4.771063727305879,-0.5366545851975353,0.0
-4.411825366940167,1.5629727904652544,2.560222215718503,0.0
-4.346207558505272,3.63792367649204,3.3741117961068294,1.0
4.914313659647371,-4.9145233134245245,0.6684500964979376,1.0
1.6167735840122779,1.3048026535452317,2.240456789617946,1.0
-4.532711185979289,-4.290253646831811,1.3871729166986384,0.0
2.7708016190303306,4.2330127151500445,-3.5581300582231288,0.0
2.5746291043510237,-0.6084057712993207,4.771148499300702,0.0
-0.08504997361097288,1.086225680408214,2.5612987132548684,1.0
4.23015829372342,-3.768627176830608,1.794578729592593,0.0
2.329376169468029,-1.4562799170582164,0.4947128492631405,1.0
-3.234212173644867,-0.18252385370962632,4.0609022207192975,0.0
-2.6761247743400194,-2.48723965050641,-0.2786699432317654,0.0
-1.0090730426075343,4.040649801765536,1.1189440977695106,1.0
-4.401226911736766,4.451694892569272,-3.199447261509476,0.0
3.3626121883835385,-0.4276962776086428,2.8578319269282195,1.0
-2.6792072064869012,2.096790652878963,1.3552589703977347,1.0
-1.0184319299281794,4.169730073055408,1.3517109325776913,1.0
-4.9185999689082225,-1.0880967415810803,0.6736342086654741,0.0
0.2485848780733777,3.9017162979358417,0.4133301093389017,1.0
1.6394246782512951,-2.7793871231842413,-1.173911261066003,1.0
2.698504843007079,-2.3013462294647336,-1.261937819372724,1.0
-3.080812938197508,-1.9015182128201147,0.5226905894376337,0.0
-1.515205896953141,4.062873388466219,4.015635481396934,1.0
-2.2304376723832418,-2.145405793915641,3.1552980860328894,0.0
-2.8430736125955325,0.06417550070487366,-1.0092688483359744,0.0
0.8154909840012561,3.4138540404951296,0.5632039002050506,1.0
1.2745065544075338,-2.922279637581604,-1.0782914505784316,1.0
-4.9216944570415695,4.31846932113057,-1.9604945421226883,0.0
-0.6378425234441618,4.575588479550733,-1.6959561668514866,0.0
-3.091789997382759,4.0740860471947205,4.437977492753726,1.0
2.4457600525728456,-3.8478483137241914,-4.0035723709893745,1.0
3.1997318394109158,-4.551854990528078,-2.4201449875175394,1.0
-3.5966510024212104,-2.0611684977828846,2.6652236866368177,0.0
0.925392327507506,1.1711614313226635,2.5071922790162624,1.0
0.9564754931821629,-0.05529214583201014,-1.7633294729528348,1.0
-2.36175513915358,-1.5677182004129953,3.592796391992282,0.0
1.1786986495310101,4.54965278377713,3.7056631446075414,1.0
-2.623172991835042,2.4867273698979275,-0.25680398471815913,0.0
-0.8414960326662424,2.576508973514237,-3.075936706805563,0.0
-2.8388106029195628,3.9669298257009658,3.7347316623597155,1.0
-1.2903923748870016,1.5868714807938469,-2.0914202142484193,0.0
3.2962747914071997,2.9150798407143865,-1.7787457911555893,0.0
0.6353417465129674,-0.01077507446356396,1.7364361320157373,1.0
-0.11832712302985993,-1.4244196285925304,-0.6939390719760619,1.0
-0.32724770106425005,-4.465819852915774,-0.22100271471417976,1.0
-4.336695411081319,-3.5615742055772746,0.050045606314933266,0.0
-1.255269955843552,-3.101952315641835,-0.24210429217877483,0.0
3.973806761177375,-3.6600281868188675,-2.6810724006395215,1.0
-4.98458309896623,2.252219176761333,3.358817397273942,1.0
3.2298513670239615,-4.5313934770512585,-4.343281419697024,1.0
1.446665092841732,1.5340704340566624,-1.2533652172809315,0.0
-3.820270743731171,-1.9025142822410048,4.564018956071546,0.0
2.945344020643593,3.8006454769968503,0.3502060918282446,1.0
1.4087388936476035,2.933802975506116,0.7137698379784849,1.0
-4.664483646685564,2.232360783288324,3.052841446168852,1.0
0.514452996098318,4.1421200327420955,3.5831953386163313,1.0
-4.255474656028669,1.207034528310004,4.741392677986573,1.0
-3.9861410549294805,1.7695308364094675,4.3386206106257905,1.0
4.772539502402239,0.37120938578837404,2.7195165213026264,1.0
-2.305344912573357,2.06953762220912,-0.19429590142488173,0.0
0.9334504892514914,-2.1367103457594725,4.596489089565615,0.0
0.7318408839798831,0.3804880080112234,-0.63658959337209,1.0
-2.231449501967738,-1.1068133826796211,0.2622545710931643,0.0
1.5455850062383014,0.7490476082487962,-2.300449938545337,0.0
3.7148298413650895,4.510096668841719,0.9953310468584728,1.0
-3.644616716937529,-3.227780372051038,4.884535488292588,0.0
-3.4640288040626785,4.7802819068283,3.932972068307514,1.0
1.6187288489615295,0.2251570025029901,0.8519836614400598,1.0
-4.296489404828105,4.296724639425834,2.331734831706492,1.0
1.655680170037586,4.11926517448693,2.0401711837468888,1.0
3.585821703517963,0.6813585837796943,-0.13924686593052904,1.0
0.599506839176474,3.691830574275439,3.0018092803640037,1.0
2.4931960883070117,-0.8551515989316405,-1.0115015057479706,1.0
-1.822229729328504,0.07501481611944882,-0.7014791900734867,0.0
1.8694362776588598,-2.543295145921057,-1.4083467953466746,1.0
-0.4637943759948904,3.704138005788339,1.2422758168136365,1.0
-3.624306149019707,0.016846411296227437,3.792861249370471,0.0
-3.953498071493965,-1.7252872207632661,1.457813021076456,0.0
4.280108257459645,-4.572398795371882,-3.4545549130492184,1.0
4.261728464254151,-4.928329103169844,2.4514796310553315,0.0
-1.7126784059789548,-2.192995846870315,-0.7316549229856717,0.0
3.5957399547302096,-3.735678837436459,0.282880488172613,1.0
3.927692762527519,-0.45074483763632234,4.710502125350311,1.0
-1.7667287824788969,-2.9211112481783763,3.9191976223750338,0.0
1.0576079734783796,1.3187854552597758,3.1966504054775324,1.0
3.454443135827484,0.2781770846886955,-3.767248187604303,1.0
0.3319034318843528,-2.0234431371214914,-4.291186318362216,1.0
-3.975033706637757,2.672545930420929,-2.7448086764437907,0.0
-4.9185790719725535,4.867066461956512,-1.92173112843646,0.0
4.021877754637565,1.3469557044292833,1.1436519104229292,1.0
1.362923201474688,3.8036145844965823,4.796513782153053,1.0
-3.6226197039336294,4.583230254772797,-4.3792987049099255,0.0
-3.3255077675413967,2.3439821831736936,0.4685942795958269,0.0
-0.6659582541623541,-0.46602860658827794,1.2119957200889022,0.0
1.3280139518487228,-3.7614765987758236,-2.9628830537566566,1.0
1.8379436555604087,0.3945048586186246,-4.384116539838532,1.0
-1.181625371829258,-4.716971634994108,0.8562173887642119,0.0
3.1764643640361783,2.8648232838003143,-3.1151207120506266,0.0
3.9493824715225614,-4.477398662584079,-3.434850892010264,1.0
-4.350375912327137,0.26591776832275116,0.6915686738764135,0.0
-1.2518597400169327,-0.09489915917398761,-3.1254508057590003,0.0
-1.5924253295791022,-2.711241263275175,3.915110393168149,0.0
-4.643573633040807,-3.654178130164728,2.6956096722680982,0.0
4.486887168516377,-2.442845200907706,1.6490296500986865,1.0
-0.8257080362627534,3.5203215350190256,3.371141370375369,1.0
-2.9960226353648887,1.6503569605231654,3.029400222752665,1.0
-1.4725951197719143,-2.690237675136763,4.360500910810217,0.0
-4.139247987305006,-1.3651087694302788,-3.555093459541344,1.0
4.27377653140595,-0.9387314877083499,2.7186036346965246,1.0
-4.516281471942904,-1.9662240770939343,-0.710385998679282,0.0
0.06892049543945511,2.6644978075617036,-4.422453034442184,0.0
-3.4582168613514606,-2.9876305042162588,-0.27407600934000165,0.0
1.8465800837529525,4.73864919051654,-3.2171541538130075,0.0
2.6835823029065553,-4.584864771890129,-2.176854009032112,1.0
1.7391875890653328,-0.9323539319747276,-4.0928491434061085,1.0
3.344610798179687,4.486395667534152,-1.340746863224064,0.0
-3.2805479260695423,-0.39940322603279377,-0.22633942818211317,0.0
-3.2748662257407823,2.2324240584403707,-1.5977677327240136,0.0
0.8805705272301978,-1.9000896781234324,1.9991148593078343,0.0
-0.9987201509900023,2.7329588649527583,-4.043113945635305,0.0
3.1766564710850673,3.4402309190344553,0.3693053537557587,1.0
-2.1097253908045523,1.6736232728612617,4.361251811304548,1.0
-1.6945614573027843,-0.462202752084826,0.12742754886043706,0.0
4.3757454547284595,-4.797752911303924,-0.4332089735592053,1.0
2.568830533056296,0.7899802274791048,-3.6431792511513903,0.0
3.2989090487451165,1.4519322525950766,-3.175474343485716,0.0
4.508295088075004,-0.0778833086855677,3.6280777463791676,1.0
-1.4640414951080585,-2.9120482868188766,-2.1304594523052622,1.0
2.6231554383061786,-4.090423704867558,-2.6887360214102607,1.0
1.7787458240670384,-4.002755184698192,0.018487763339813057,1.0
-3.7760904070335997,4.9292598708600615,0.256324407535371,0.0
-2.0494380024887437,-1.5402538568968573,-3.375878298041759,1.0
-1.5871142386532746,3.3530644525058424,-0.10933260071618278,0.0
-0.7875772277189705,2.617758292052555,-1.4313443865713635,0.0
3.8981737775973553,-4.9203780716695515,2.278301348568813,0.0
1.733224435383013,-4.112793952781329,3.8015349373031633,0.0
4.351443484571282,-0.5043652677127799,4.7712111210971155,1.0
-3.865642299852227,-3.6310231438938434,3.454520461284293,0.0
-3.897941175992595,0.6385404061613773,2.6661383255533186,0.0
-0.4714833075719991,-3.6938593951038556,3.0844374857530994,0.0
4.131754254682306,0.796021864940557,1.9825337628563133,1.0
-1.6060870865933885,2.0579948418919134,4.76232596358458,1.0
-4.584880174878228,3.0726215406876296,0.5981255450423983,0.0
2.8074289936264822,0.9824268693310199,1.5220991980548702,1.0
-2.9731412366251075,3.3511987476857303,0.5412524278401287,0.0
1.8375641911073783,0.5129291397754088,-3.8477184894453256,0.0
-2.176888699237942,1.5887560948740864,-0.5061419541427314,0.0
-2.9382479445539786,-2.059768151376995,-4.072327513520079,1.0
-1.2825821971422355,1.6141043888979425,0.8693055782434875,1.0
0.03831232321264544,-2.7015483064340917,-3.3448443462892516,1.0
2.5181447681942446,-2.0403298559556573,4.342236933678782,0.0
-2.137373192093728,-3.4050933744525813,4.703934247010238,0.0
3.177024614160926,3.243016447350845,-3.1803522163307454,0.0
-2.6247173181825714,2.08460519704318,4.181099092198135,1.0
-4.493089365767615,-2.629818639804977,0.6582430533880874,0.0
3.915931925080546,-4.354816085326875,-4.643385224611338,1.0
4.294627836922931,2.1976382696519883,1.0671947731364364,1.0
3.576178602580395,-2.49785353461931,-4.286125434911975,1.0
-4.075946602474648,-3.0819779685701243,-4.140273033226438,1.0
-1.439896981932657,1.3998669131700794,3.6571547445083326,1.0
-4.5221054420878275,-4.320862123437821,-4.247073339699665,1.0
3.8484831376827096,4.556683719875659,3.2500947167616427,1.0
-4.9489488309692184,3.1664658090357296,4.435264706676827,1.0
2.084778337664729,3.08460546856905,-4.611205348519767,0.0
-1.7529860884290436,2.401025954892636,4.496402252476987,1.0
-4.230563436231397,-1.5049433166828563,2.267534821730436,0.0
0.07765402298892088,-0.6781408196070027,2.1333299866302946,0.0
2.3893580084374744,2.3169469553918285,2.442711910348814,1.0
1.0311325850394146,0.6207527454814041,-3.2931978544796268,0.0
-2.04901357963182,-1.1043521919962096,-2.4879273802272897,1.0
-0.36301808220176923,-4.357539992976483,-0.5357247898389614,1.0
3.275633774007286,-2.9603461184013593,4.634090586168583,0.0
3.612692130008547,0.8295807449549439,-0.9046199248746678,1.0
3.4487609305717513,-0.34633471941789207,-3.766226545853523,1.0
-2.831559210134883,-2.8324639162648313,3.6582903840332825,0.0
4.8077325191755875,4.137510054101552,4.450393470350123,1.0
4.965074169178163,-1.4851909287047107,2.991566273102702,1.0
4.209313648801093,0.6712969736450134,-3.804030755198192,1.0
-2.0845112425590537,-4.1725444190094985,3.86069620806364,0.0
-1.2632743022682682,0.10152440267020868,2.4394630462827394,0.0
-0.5728070791417235,4.798611358878951,-1.506295411341271,0.0
3.8117142432739133,0.5439562059745908,-3.9858227023573676,1.0
-1.130600184558003,-3.267774919594232,0.32206166032819095,0.0
-4.202001557378338,4.623450554048963,1.603396262666684,1.0
-1.6663774415875632,3.9369806401775183,-0.5452533537576985,0.0
2.6140735508527957,-3.5668000218437768,3.495306109285071,0.0
-1.228423878628174,-2.6007613037614408,0.24829733823320765,0.0
-1.5060601141663255,3.417345477804407,-0.601233548395955,0.0
0.5953414400790074,-1.5372770944963285,2.375244543755578,0.0
-2.6732474458057998,-4.375866377942586,-4.079180094836939,1.0
-1.6984254295428536,-2.880146161892977,4.106794942860608,0.0
0.45228684304103073,3.407972787161043,-4.378613508066244,0.0
4.633026877797246,-0.9704470070363165,0.5692711528940189,1.0
0.11363010429605058,1.167930646894515,4.858764774532741,1.0
1.0602399328877121,-1.244993431452758,2.3595596718721215,0.0
-0.5435170753002172,0.6007639786542063,1.8523769732332838,1.0
-2.1211571929593,-3.262093814042404,2.3447220617716606,0.0
-0.08704263271752222,4.669796706402494,-3.1620645068571385,0.0
-1.5318850277820628,3.796073656850412,1.8805229435097184,1.0
-3.020218993893007,0.4455333676539466,-3.6819706551063467,0.0
1.0563338246468579,-3.1162192834513402,4.425274482263932,0.0
2.28053322223996,-0.8115421890038022,1.7794256217500228,1.0
3.035094145588813,-1.8144953179699561,3.2884555994543145,0.0
0.7025205462041857,4.35477997744081,-1.139855689019651,0.0
-3.1175132554147655,-1.7462206614212619,-1.106959263410685,0.0
-4.8684492986334575,2.4591523494266436,-0.7851770752388001,0.0
1.1604235522172113,4.3008124133912755,-0.8319138567915374,0.0
-3.1868859687504933,-0.9512133754281402,-3.104498952766236,0.0
-1.2194920912895246,2.853842663960674,-2.152277728340599,0.0
-4.191197292628608,-3.5316943702437142,1.3894975905209854,0.0
1.5505012628121353,3.040279223980388,-4.065482632291292,0.0
3.6641124166793873,-1.8016379450126765,2.5052885256487167,0.0
2.9666802128311467,3.499624374372182,-0.8537440419252533,0.0
-2.1795130262371143,0.7642187286334661,-0.4815357406439933,0.0
1.8689867260768454,4.853510387434342,4.702123696567998,1.0
-0.8310093327192636,-0.5491850587552172,4.569850548682297,0.0
4.00315757553045,-4.382371700232175,3.3859557379142995,0.0
3.2769231489853574,3.4503973962651617,-3.136698148353049,0.0
-3.3820148256685756,3.6692704318044473,1.1841988529468264,1.0
-4.264189456369864,-3.8852346356172704,4.050384729887179,0.0
-4.335966572422471,1.4770412971517652,3.0709818542014347,1.0
-3.988369868004166,3.1343910211972172,0.002073208640055668,0.0
4.90219617727853,-1.6772969457936782,-4.0584889970038285,1.0
1.749406049745506,-3.651744904251938,3.0653075250425292,0.0
2.0078800080784784,2.5785710912556503,0.20208164932477857,1.0
-2.131048607455245,-0.5103108372317164,-3.4803816967608956,0.0
-3.1000552089770905,1.9732395812124714,-3.3996059697754974,0.0
2.0728201229218,-0.2638661321856901,4.264332486852144,1.0
0.4122257319167062,2.752295883217247,-1.8416288495795108,0.0
-2.9706538104129,4.165806084802195,-4.693646613173325,0.0
1.119295143614055,4.068766993325653,-4.096641260049689,0.0
2.7717791433496153,-1.807300123249024,-3.975118379510152,1.0
-1.7351200507110711,0.7619016712217324,2.3248152987778976,1.0
-0.3395447167013268,3.0096908962915716,3.5702038803914498,1.0
1.2460981307926913,3.1199477748295763,2.1121835634807704,1.0
1.0556621319157502,3.536998749328591,3.1274594582368707,1.0
4.5446405653506865,0.356064218050105,3.789898572266541,1.0
-2.4883917590344637,-1.604929678565746,2.3403745074401456,0.0
3.4194722297279796,4.7509027077654515,-2.17636761731827,0.0
0.32230446236548005,-3.591958483531934,0.8543129332979849,0.0
2.8072572225787438,1.3245121722359858,3.0846113607537102,1.0
3.9137402442969176,2.882349595602016,3.2909469132134035,1.0
2.0881420044533154,-4.685703784189062,1.6012168624526648,0.0
-0.4699849484711782,0.23482619652867687,3.378297186127133,1.0
1.9978629795855287,-2.8374480832990354,-2.76194215105126,1.0
-0.7218679584095264,-2.1133017490293273,-2.786181954506126,1.0
-2.7023728482517506,0.7148519863171927,3.5244759971997706,0.0
0.6548087442554396,-0.09637360687512597,2.6016130258457784,1.0
-1.6263029255111339,4.254964710604593,-4.459954986886743,0.0
2.9153397375379155,4.016647343297985,4.328222164758534,1.0
3.5626283791997313,-4.219633601469259,-1.6244552191176274,1.0
-4.013622611473089,-2.0953674182062842,2.947648000258126,0.0
-0.317966903323466,-3.6837754181535862,-3.959553451636655,1.0
3.0201874853690995,-3.5958265136384315,3.8709743154214777,0.0
-3.827202764845601,-2.5193621968903335,-3.360558776863345,1.0
4.3143200799454196,2.8416642818796536,0.10611525698174873,1.0
4.415457109085331,-1.2100744557183294,1.003142144397219,1.0
0.9753175107181056,-4.845403851901262,-3.0481118224995374,1.0
-3.491716364850258,-2.026622903783003,-0.8948433149845219,0.0
2.4397202985653905,-0.9242436716301539,3.6897020498431043,0.0
3.931673067488452,-2.5711226954017685,1.544464617065314,0.0
2.0709879463260448,1.2078921627500447,3.8404321878982195,1.0
-2.7688525429121658,1.3850847955020456,2.624013650554361,1.0
-3.8516547199829256,-1.4673810680698485,-0.3405574427047595,0.0
-3.6030264604760855,-1.1893991404014113,-2.6065356067846257,0.0
-1.745366371510375,-0.15196883325750754,-3.369235483848434,0.0
2.4223818620911004,-1.5875289575427178,1.1156369267602884,1.0
-1.8929431788049955,0.9338099529309289,4.845818705304914,1.0
2.8595944072648702,0.7000470108988779,2.308810346300321,1.0
-1.1096903698308083,2.6922232055013033,0.44532133069323976,1.0
0.2547266073990597,4.247307752222516,2.9277929422834568,1.0
-1.2206006711776842,1.4282932810927438,4.357696247484856,1.0
-3.084907634950229,-1.2958797376137943,-2.993468430776318,1.0
2.7169508070885318,-1.5299971553196654,-0.32173727957567433,1.0
-2.4175437849487738,3.3246194722360976,4.695382589965579,1.0
1.928743621215542,0.5719425024691471,-3.4902357977247487,0.0
3.0590063540903287,-3.201937346850107,-1.5031833937169714,1.0
-1.740812455097358,3.075248799664344,1.1964166517575343,1.0
0.9908358281822105,-1.1211733616796304,-3.646141209179099,1.0
-0.21049226246316977,-3.5250921952201066,-1.2187576910607323,1.0
1.9052700060855488,-4.280399169077359,-1.5986644466673852,1.0
-0.4766275124906745,-3.4448582768863334,0.3672762397268361,0.0
0.9364843088350829,-0.3051540102385486,0.3119147743911723,1.0
1.6144363857146278,-3.208310345786706,-0.8337986432155029,1.0
1.3795857618888228,-1.2026823493127639,3.3462840725221277,0.0
0.9217739514837762,-3.427064083578678,-3.9561161341793016,1.0
-4.854916120344863,1.5835991924243276,4.408202080812746,1.0
-3.3726948632528355,1.413955659623623,1.1222437410684618,0.0
-4.45259070503833,0.896404044679608,3.3073457726160065,0.0
3.1112516056498247,1.2994471609132763,4.032838185526215,1.0
1.99044225119306,1.4162272290649085,-2.8426922547940716,0.0
-1.8516916347845322,-4.99523823844596,3.8583792196013604,0.0
1.8456554860597487,4.453620805635746,1.9292081772657363,1.0
4.804192984249195,4.566119185978742,-0.7704372474195162,1.0
1.0374488688484647,-3.776081168637985,2.6710829016419044,0.0
-4.463279735840625,-0.8326949820642637,1.0019041187258724,0.0
1.7592328414983438,0.4013487382789638,4.950548296690922,1.0
3.447064328852248,0.8803623850686151,-0.9235988488047653,1.0
3.0237918388651135,-2.221619909256156,3.966926892208228,0.0
-1.4764023005647453,3.0235419373145547,1.2426985700181934,1.0
-1.9021265323445014,3.8671517540108713,1.1896856224557197,1.0
3.5584786756208047,3.7991042655127476,-0.21172745300371432,1.0
0.20155726135901553,-3.1265381040736018,4.502890782823318,0.0
2.6298511472132677,0.5335325100515611,-1.7343246818881806,1.0
0.7811395864360939,3.296573943217636,0.9132188610506766,1.0
-4.7101420938762715,3.6643643220871027,-3.8648278213719123,0.0
4.220945113466378,-1.1689719442995283,3.8726143590704396,0.0
4.977697448808666,1.78563250866842,-1.3114552112516686,1.0
1.349841282408346,2.5937264613248834,1.5520045405529617,1.0
-2.0193523133844193,4.37977253180564,-1.7786721123003923,0.0
1.6713148165240197,3.1340356694033673,-1.3549599294126624,0.0
-2.093705964703952,-1.6236743604033843,-0.415418510437382,0.0
2.3057662331035864,4.061477574787686,-2.9470808330804745,0.0
-4.544020614206059,-1.8573601111434144,-0.421520933757213,0.0
2.1972051853708843,4.5096981019476505,0.6456521495695462,1.0
3.516978214500954,-1.954086792173726,1.6319011851216079,1.0
1.121905418523573,-3.6607789332018914,-0.2900885927532446,1.0
-4.519945934310378,0.5779598922577538,4.917055746460939,0.0
-3.620110673759064,-3.839902547029946,2.1043834090513194,0.0
3.3762757660767093,2.2986987512393684,-1.784843282238521,0.0
-2.4664165733685897,4.849990657208362,3.723587012155802,1.0
4.46574723445741,3.9130024286116853,2.2765750406178507,1.0
4.609471857386374,4.6645435181679336,-1.1370799551291566,0.0
0.18362399624110992,1.4663978750142315,-1.8614996670515058,0.0
4.292499787458656,-2.125091653555633,-0.750593367106096,1.0
-3.629972222807918,-0.44011228543803593,4.175943060034392,0.0
-0.6362840989830634,3.1286808698794246,1.3892311826835435,1.0
4.141037686629451,3.3098125165653034,-1.980672713504731,0.0
4.031579459661534,-4.827071375682232,-3.7682291217931185,1.0
-4.654881431740977,4.51796052059437,-0.5881719458437971,0.0
-1.3437807266491006,-1.7108640870151404,-1.112417690596553,1.0
-3.3882678902124255,-1.4046236683647395,2.415792656748959,0.0
-4.999912229361032,-3.463069021543579,-1.8826420429998372,1.0
3.8082135943308035,-3.242164288524352,0.3274972140754855,1.0
0.8984913275324029,0.8041718887709424,2.2705919622676154,1.0
-3.0561477825301075,-0.974788407295283,0.12397459300175573,0.0
0.2220508940425585,3.2312194055589742,-0.24724579999615237,0.0
-4.000318865487438,-2.5193959834813864,0.08130056379721307,0.0
2.3892283655406494,-2.403511652823318,-0.37543818723429023,1.0
-0.7228827339448998,3.306479890744278,0.5448106721540622,1.0
3.1715234501747958,0.37263287608574736,4.079376350762168,1.0
-4.248380224083296,3.997149055515978,-1.6443036788830967,0.0
4.978020323885362,1.1725807123699292,-3.840918684243242,1.0
2.9813976779269122,2.2761735372436362,-0.307167758620599,1.0
-3.1368658232453974,-0.9516433527660553,0.025632320259948216,0.0
4.103158031755489,1.3061315604478736,-2.391173073706084,1.0
4.402152786327596,1.9573763231875239,1.004956391428367,1.0
3.179340725228787,-0.36865267124109735,4.848692718159015,1.0
0.7987089178917088,-3.1706242107898275,4.228445438677216,0.0
4.520775828786936,3.2524134408128056,-1.4547356064602623,0.0
-1.285441904713772,1.1235736840604762,-2.1259261684454236,0.0
0.4988382448632578,-1.033657045826125,3.258430978227585,0.0
3.5382252512379146,-2.855265159115943,0.07327835412539585,1.0
4.900531494413746,-1.1288888523025964,-4.838826355212301,1.0
1.541130250184307,2.1230788462145975,1.7450783183798428,1.0
-4.35172697971931,-4.29553242418788,3.1998635095673293,0.0
1.373328501011394,-4.557161874890888,-0.0973083410543456,1.0
-2.758530740416325,-3.222922000802859,-4.417371097695283,1.0
-1.1551128029638926,4.255344950762765,-2.601336883724107,0.0
-1.9548074719527664,-2.2430857729691214,3.5466548499555106,0.0
-2.4751105721368685,-0.40572925512526226,-4.112069201675261,0.0
3.519288740180283,1.5451965435427715,4.315031275884111,1.0
-1.7137640360071096,1.6143944070256833,-3.735133084968265,0.0
3.8990308843676136,1.4519148655975487,-2.6318179830245247,1.0
0.39329757730535153,-4.9207357532013285,3.2294490565456666,0.0
-3.583495804148277,-2.3304372396687367,3.63814795397421,0.0
-3.6415453407079754,-3.5531512936998713,-3.8150919184129695,1.0
-3.528210255247438,-2.7423863315516037,-3.101823299469584,1.0
1.0102457535922547,-2.8064930450089145,-4.265743005149151,1.0
-3.8005516249931226,-0.6083808250081368,0.4129974777567895,0.0
1.7835535596385963,4.176871682738723,-4.73964180118149,0.0
-2.7142477168554855,0.46951904933946853,1.3379085007552751,0.0
3.0547180440847352,-4.3561556778875214,-4.450727117608531,1.0
2.5172579742386763,-0.36981475580847345,-4.8045491927507635,1.0
1.8786784982362867,-2.8220979640526576,-4.338509874962102,1.0
-2.416909069487133,0.31134354998477676,0.9128372420812099,0.0
-1.3728211881881958,-0.6488097795950285,0.9990859524177855,0.0
2.2770703340241107,4.036192563586576,-4.211076000424317,0.0
3.559008117753999,-3.4184212920335577,-1.068104654121603,1.0
-0.8149030260687393,-2.1714903133949193,-0.4223624452827588,1.0
3.6690516080568756,-1.4306993258436975,-0.5884367792638701,1.0
-2.771489392872147,-3.918995494818299,3.21012601097412,0.0
4.695853541060188,1.8490221898840842,1.3780969445739135,1.0
0.7269745151771456,-4.7647793442337,0.17968103675718083,0.0
1.6333933340959286,0.503230090377035,0.4451670595474795,1.0
2.2716282841002595,-1.3114637197645584,-4.0756983511507725,1.0
4.676379820174839,-1.094332564441598,3.4558323880302524,1.0
-3.7790230713973916,3.010700598113459,3.9249674082592207,1.0
4.7713257227143036,-0.20220085319233672,2.6596156746927004,1.0
0.20244386899646383,-3.7678623548712276,-1.7160178027497586,1.0
-0.6651640343811271,4.122315150089648,0.8584438342680816,1.0
3.852237031796653,4.944521514175607,-1.9973677758677297,0.0
-3.550441754667313,-4.482953162033533,-2.529000647868057,1.0
-2.77754087275469,-3.077709280805995,4.167464447231341,0.0
0.6354351532657407,-2.823023587874811,-0.4574930304771261,1.0
-3.9959797863495607,2.6173499638658804,-4.380603277483352,0.0
4.981476171966108,2.7994386351340985,-1.8451259815667118,0.0
0.4793451544601455,0.4502537771162327,-1.9031870271720708,0.0
4.623193684528337,1.1154810995667832,1.3023970778164218,1.0
0.6811287149329335,3.941496349529274,-4.044955855211007,0.0
-3.123472556316922,-1.950948682783543,3.5644070379759807,0.0
1.0223626081061257,-0.3720765626017899,-0.22339160597202312,1.0
2.635177182713023,2.4582994590602647,4.181490531528128,1.0
-3.233108594540648,-4.748414578325141,0.398431753332364,0.0
-4.291054860613222,-1.214024851543516,2.5309540636251073,0.0
4.687477762693531,-0.4121990687855064,-3.931241729084871,1.0
3.3249926996843,1.4967267881873338,2.9859985380270606,1.0
3.7030454531731376,4.632954417010961,-1.9748174132018037,0.0
-3.2392072671893066,1.2947180311438693,4.647683982641036,1.0
-3.513061385777542,4.3211570114804605,3.330249783146389,1.0
-1.3493555576972804,4.607162105988687,1.9314141404781102,1.0
4.607050539536566,2.643131976977294,0.8386731084170442,1.0
-2.2732731814641784,0.3405102324285618,2.854446650925694,0.0
-3.989023037660501,4.269021348301214,2.739171715638542,1.0
1.94896227160846,-1.6200380501957277,-0.8429191336131385,1.0
-2.921747079992759,-0.031698431515665426,-0.16937869669950878,0.0
-0.37254978115860915,0.12083654439276081,-3.911930487279147,0.0
2.7259737362083687,-3.0179414333964063,4.390972230479639,0.0
-4.176233579337939,2.896086288695935,2.9602635499774124,1.0
1.70930700741126,2.843981228873024,-1.3421925391428822,0.0
-4.433970476498194,0.9121919794149029,3.737989585223028,0.0
3.747983960213338,3.1235920803035597,3.8188920460057325,1.0
4.604323647415278,3.705155020973022,-1.012011147942895,1.0
-2.4673368970299983,3.986493587756989,-1.0935305413651708,0.0
-0.5006695176267577,-4.154240738872501,-2.896405846452307,1.0
1.9395752461499152,4.852400762946713,0.5401955039370598,1.0
1.1010711976598202,-3.2073998057598594,4.205873506336278,0.0
1.3524974354982344,-0.8096408106239927,-3.3281754071262104,1.0
-3.7271945570745926,4.908845243034772,1.0842927382136143,1.0
-3.234366696859381,4.711693451340526,3.185129699176521,1.0
-4.492705574272678,3.137154958270175,-0.18557226887222278,0.0
3.2043341566472403,1.579203319975627,-1.3120886676811838,1.0
1.0779994442234209,-3.4416384846094275,4.844536332549865,0.0
-3.6350420470061873,-4.21840464281318,0.9503042403819357,0.0
-4.2725843966433725,1.3276486185071787,4.70421040910389,1.0
-4.296243752193334,-3.651984166473742,-2.5594556102915575,1.0
-4.344462176811681,-0.43983003499855844,1.6276979989125984,0.0
-3.0486782879376695,-2.114318986561803,0.9363128123459354,0.0
1.2526979259716198,1.971878753412958,4.6589594141542925,1.0
3.1243093342967505,0.916763120551737,0.21721615872400601,1.0
-3.49791983955275,3.2176593545732644,0.12100585116884588,0.0
-4.8835056795221625,-3.2775922191701357,3.302084536168307,0.0
0.4587811477537702,2.558718484989374,1.671344638238316,1.0
1.2693463758847887,2.4563973450193632,-1.2285971538127507,0.0
-1.324948425138058,1.8817327298745319,1.5335548153550125,1.0
-1.42834484691981,1.4903261293797252,0.6220445269057837,0.0
-2.615632328905405,0.008088059784508772,-2.333829474302079,0.0
4.161074583330498,-3.3256016386384877,-2.60656953829719,1.0
0.1520970583085015,-0.11720127637032896,-1.3381878642873266,1.0
-3.1250025181182406,-0.2010260953929457,0.6568074630444443,0.0
3.3806216612826017,0.5705540556960065,0.6629554506945521,1.0
-0.28749994106158816,3.8174292280735216,3.105770863763256,1.0
3.339510360884363,1.0244852504391568,3.04255292841259,1.0
-2.1251161700114682,1.4698323912037665,0.7170871892642108,0.0
-2.7368413867042065,-0.6224153995893946,1.530710089081043,0.0
-0.6683345844651587,1.2465013215386458,-1.4790529019308152,0.0
3.6522942968743006,-2.5047398980220006,4.991884047494491,0.0
3.0924640414967293,1.9191288419524364,4.458437679294628,1.0
4.342069635667542,3.655541928421272,3.212134088613146,1.0
0.26729091814073325,2.947552146090702,1.1173116297243615,1.0
4.513898501610317,1.9026748382195722,-1.3687405492372373,1.0
4.429777285794662,3.0145193113057616,1.9732092634504914,1.0
-2.3340173864542613,-3.2250717207436255,-0.4750315497756672,0.0
3.9226424797981316,-3.3932499452750964,-0.4599627171496756,1.0
0.38738791250291627,0.8836797516755324,4.152625079166478,1.0
-4.520531058564816,1.7703474829473054,-0.45719192666769004,0.0
1.2002275743868438,4.703541572932281,1.4521343812204934,1.0
0.31104448933948703,-3.530631888597454,-0.20880317754881617,1.0
-4.141535738069515,-0.38719143142811774,4.969686295955324,0.0
-1.6734089686637352,1.5096733250060268,-1.9879481203510743,0.0
3.8451546897697124,0.867302795167701,0.36297384268045896,1.0
0.486185690999279,1.4443141484416744,-0.574464596599686,0.0
2.227496548382809,0.4900462510787271,3.1411168011987733,1.0
-1.2616089683936025,-3.59352446717484,2.484644680615488,0.0
-2.610775219880553,2.8931269134968227,4.604976375506354,1.0
-3.9888602304765755,-4.4869972989061235,4.815355806112203,0.0
4.441210368535277,0.6876626703890389,-4.636333024979287,1.0
2.390315962387927,-3.405595013654051,4.148764661323527,0.0
-1.0900946288680635,3.3413200666559497,-3.6242632078165493,0.0
3.684886430981578,1.56335105977241,3.8475491120182337,1.0
2.355578212012456,-1.3437328971428606,-3.4974057186008856,1.0
4.514862158024059,3.16177654089166,3.330051317719345,1.0
-3.850975852755832,2.525429232524993,-2.5807125618329674,0.0
4.916943050452984,-3.0179745686811668,-3.974891922658461,1.0
-3.2480794351474893,2.5531590522106455,4.575105223294427,1.0
-2.5624349958864787,0.6471257532375159,-2.1754250688201635,0.0
0.30473769732906497,-1.2938724401543533,3.642884416517928,0.0
0.612620321252555,3.5960921520187874,-4.4130520307157814,0.0
2.439739912727461,-3.4320315345720322,-1.918307943558669,1.0
1.244529075373146,-0.6503780457535013,1.5137362342050773,1.0
-0.7918843090039074,-4.825367584312139,-3.6072471132935635,1.0
1.2213996507878209,-0.2615003404756324,-3.1028767702975735,1.0
-3.192637015847853,-3.363329809095077,1.5369386210533067,0.0
-2.2690149685570074,-3.7184582299321898,1.172619856778998,0.0
4.084159864756632,-0.1293945219027286,1.229941671874892,1.0
4.460610398005709,-3.8277082192000664,1.6689757953917441,0.0
4.753442589593773,1.1703410486571153,2.3740618129273123,1.0
-0.2464356513519821,2.6109185850107677,2.6224644172952107,1.0
-3.1585375125071757,4.040437398369637,-1.520403145544896,0.0
-4.278174476883192,-0.25742307096378614,-4.6099653648603125,0.0
3.492606414659031,1.7572346713191944,-2.5823852377265224,0.0
-0.5556812043327453,4.174928394720501,0.9169228971504895,1.0
1.6096794052509802,4.500184780580227,-0.6533180472140927,0.0
0.2716396933971268,-2.1311504124086356,-4.572399810559583,1.0
-0.5677760337707314,-3.839472716792802,-1.1433680534977606,1.0
4.359981059241457,-1.2785606901224922,1.22675969354135,1.0
-1.4195996445101846,-0.1251810832605571,2.030026563132182,0.0
3.290537313176923,3.34396183325498,3.369439539515584,1.0
-2.6031582964691333,-2.2891998705126726,3.1755057616685143,0.0
3.3738263586034023,-0.34312097007221176,-2.7379064967950093,1.0
-2.150149671638546,1.8519254051422243,-3.13360149500874,0.0
-0.9043347822182319,3.6926521887197623,2.663106266654493,1.0
-0.06950666722045895,-2.7798195242148296,1.3731149393953332,0.0
0.5832154866919765,0.22780652497672627,2.898129593264338,1.0
-1.1854008948381423,-0.7639035167329036,-4.47351422475402,1.0
-2.499839380809302,0.9014869286138136,0.939112450002451,0.0
-3.0589435995582615,-4.966854414334457,-4.778478384984811,1.0
-2.5043919065814944,4.63492527737713,-2.687392607896127,0.0
3.3354394176589057,4.042440162297606,4.256743382503053,1.0
-3.6358465695969455,0.5821721407528244,-2.0018237798203256,0.0
2.669627755632126,1.425995363359407,-1.7159131377409587,1.0
3.7851996001538684,-2.8093817745300553,-0.13431370599723813,1.0
-2.2352754795271954,1.9385189052488974,-1.4230821169459604,0.0
-1.9499938588748087,2.258604559382901,3.603847592511741,1.0
-3.6412883742381585,-1.8298631188044565,-1.9545186956078178,0.0
1.9893238594916056,-2.7456688039655432,-2.735450692050707,1.0
-2.1382734308711737,-2.2456351787409403,-1.6164916374959502,1.0
4.305414767038846,-4.778259005477992,-4.477068031317476,1.0
-2.7566464993308317,-4.6983516366445786,0.9918391142120964,0.0
-1.2128734681691666,3.5671065147063103,2.1444065364205622,1.0
-0.06838693251812611,-1.8455894338248315,1.40731896895677,0.0
2.2856445803619065,-3.148019758026831,-3.2666210190280633,1.0
-4.781855892288785,1.45657009540294,-2.390966722146154,0.0
3.7493538330663743,3.012822069593657,-0.007145472707351885,1.0
0.9479187147283072,-1.4875420546671334,-2.8199449308798243,1.0
-3.901384308028332,1.8629114103809332,0.5799303746257243,0.0
-0.6695649527915535,3.1209349331734444,3.3074279677222727,1.0
-0.17113420962612125,0.25135994547795093,3.400677435673405,1.0
-3.203877132335895,-4.928289094600428,3.369521369901454,0.0
3.3894617098516875,2.8577665843339393,-1.0897611227161685,1.0
-0.32134769207799874,-2.009491127820885,-3.6328321676814843,1.0
4.197877652093279,2.132931236815133,-0.26986444117419417,1.0
0.6727827047390669,-2.8654600585047008,-2.5238348921200924,1.0
4.557448812446058,0.31955146158234715,-4.957549457389009,1.0
1.5745485669913384,-0.1315422605164498,-0.29002999704395105,1.0
-2.0009813729859194,-1.5817174851193627,-1.9449702448606598,1.0
3.0514005929739785,-0.22941652651617073,0.012327679003247383,1.0
0.853937383695965,1.2237346576021562,2.9059279701525735,1.0
-0.4614943109519887,-4.611929407106926,-4.694234311392136,1.0
-4.238358370260499,-4.743087138979859,-3.6476797122596185,1.0
-1.9867677517099205,-3.767352385456598,-0.04134599695063734,0.0
-1.3197869564728162,-0.8571053083198823,4.160809856189605,0.0
3.1573460607243558,-0.38442000412257826,3.420058817574672,1.0
2.924116440920235,4.899229497768683,2.387655133166053,1.0
4.87124632478033,1.7107891721831212,2.6979120123903453,1.0
3.9783379951385243,2.3556515900940163,-4.479311591826759,0.0
3.045259724555258,-4.938094031584551,4.855222994085883,0.0
1.10585174633791,-0.7005386644672704,-4.3244750165911245,1.0
-4.90941109238139,-3.788584029230159,-2.239834751402906,1.0
1.2823370156518932,1.7047724237126918,-3.043514197082314,0.0
0.2537332861741213,-4.5746035280978266,-4.827781433448423,1.0
-2.673458283567066,-1.725139709138086,-3.7806559721257518,1.0
-4.259997139251906,-4.249692640583329,-4.23114029150235,1.0
2.0784128119888745,2.8101271496039253,-4.732700607539167,0.0
-1.4323097893251315,2.352528709799623,-4.760069037348612,0.0
0.1108811409429098,4.0105326886106525,-3.040266170519419,0.0
3.2543778024364247,-1.8863830856337183,0.5456151940762304,1.0
-3.4255526622107846,-1.7614478233707107,3.602146915144651,0.0
2.732888551527566,2.504096034011929,3.4246033719783995,1.0
-0.6395078679878283,0.2722320734351582,-0.490507373712294,0.0
0.8048650393906875,1.5896544956133063,0.863238425802269,1.0
-1.0661736937035657,0.1792682589896497,-1.57342612255563,0.0
-4.397948067270669,3.326712402784544,-0.07157908107514821,0.0
2.5653077227041363,-3.220129246023773,3.142681786913009,0.0
-2.833640158262476,1.8096227708667456,1.1234070141248065,0.0
4.540755618978977,0.6235897568366546,-3.7736602793435425,1.0
-3.8720476905021375,1.59259542009125,1.0180847581977472,0.0
-1.5333454282474088,-1.0754841560528519,1.2249215001298284,0.0
-0.418581795338957,-4.347121172491884,-4.818957729947634,1.0
-1.7944399569344416,0.22619340121242715,-2.474261338577178,0.0
-4.976789105787168,-0.29958829638563245,-4.315309842497731,0.0
-0.4740793273085595,-4.7232189858289875,-2.291159200141175,1.0
-4.919798765737622,-3.6553329375845545,2.071991401789246,0.0
3.258289172562691,-4.643423843862271,4.495348591894643,0.0
2.5008198259063654,0.6924704694891881,-2.195615689972575,1.0
0.4327465575213152,3.587574770062364,2.882758413817811,1.0
-4.075488318069153,-4.120383412314434,-1.359388883172131,1.0
0.9323702878817128,-3.6588300450433584,0.9662726714151306,0.0
1.609384010929796,4.356037687448339,-0.2981442504042686,1.0
-3.9722596290461643,-3.2668741502708776,4.464560653872205,0.0
0.43206699280449534,3.425383700572983,2.801925372121355,1.0
-3.992442390512921,-3.8870839040384486,1.952878417286131,0.0
4.791684390363404,-1.303209244191288,4.772741495391502,0.0
-3.070574347589065,-4.579464904326978,-4.355901028631894,1.0
1.1845807353741309,0.4209965431258649,-4.65224992836262,0.0
-0.6442255711400104,2.8064328446155695,-2.342658387071949,0.0
-2.553589280569698,-0.7746254652344566,1.5912713225910657,0.0
4.913363257966157,0.9120039720327311,2.1764346890926003,1.0
-0.9983182722855668,-0.0824054729446475,-0.07485771973708122,0.0
-2.7642138286280127,-1.0226788950746313,-1.407017313652703,0.0
-3.725510349567669,0.8642905804532566,1.345301065734592,0.0
-2.3443837528784197,3.4301315801262042,-1.8813339533812243,0.0
-0.9597122101652946,-4.56570314339035,2.7465562684932543,0.0
1.580482536436179,-3.877283916964026,2.7112533152999987,0.0
1.5305233595132561,-0.5467142239023124,-1.0615812447954553,1.0
-3.768130952986257,-3.264391955832032,-4.247992792889881,1.0
2.5473298744126014,-1.6842060259984102,4.9360261062520365,0.0
-3.5597574477411187,-1.2528139387795822,-0.19395975610981075,0.0
-0.7473511551899978,-1.6716281478877058,-4.1739945499253555,1.0
2.572085300272203,-3.5805395006710294,4.170716441606402,0.0
-3.489143348782955,-2.0808095210456843,1.276044447076825,0.0
-1.0961626440562133,0.7927078148354152,0.9187454839790501,0.0
2.595396512586107,-0.5619907842203489,1.7603896025751524,1.0
0.4243212211325993,-0.4749515197077878,0.7995688481256815,1.0
-1.9867657638130765,3.740334721079938,1.2104709461677938,1.0
1.4343765446545227,1.2918544988727954,2.228855604820171,1.0
-3.7386596534130287,0.6154104973266383,1.3401637276573606,0.0
3.914127038825093,-2.4765641869782673,-1.0969290957075808,1.0
1.6489724296387944,-4.711291474204121,0.015681465076660572,1.0
-0.7411804403386268,-3.4910759881363997,4.678916086474272,0.0
3.3244605718630567,-4.870605164108243,0.10966379247869362,1.0
4.743863302638198,0.006763080592259385,2.5659942063706236,1.0
2.266970758424794,4.525484782415534,2.9935224220845766,1.0
-1.283441072328082,2.3639580054757117,1.4277337462239084,1.0
3.235676498637222,-0.11010831076853211,-3.9106027620287556,1.0
3.980293607432534,1.7336086437296148,0.2730655751663331,1.0
-4.82577672928953,-3.4789117533133385,0.5764406832998548,0.0
-0.47288919807399665,3.162599023716119,-0.1297036694871343,0.0
2.6305500163151834,-1.2500640535901777,-3.5881587565154396,1.0
-3.605829932237732,3.5382090585642185,0.6469435456260353,0.0
3.083331066804668,2.432377718635937,-3.5968076624215497,0.0
-1.3904505840769654,-3.218044812880877,1.3258660430790838,0.0
0.28529377238846365,-4.826277748558141,-3.6558602428836107,1.0
4.2956464002107495,-4.071020572322884,-3.422844459456255,1.0
-2.710865023325415,0.28219263421473517,-4.531069574634793,0.0
0.24895920491574852,-1.6568947377157173,4.892579796089615,0.0
-4.78559979168752,2.1092711340696546,2.6884878256974076,1.0
-0.9504264861663003,0.5501802378413378,-1.555893462772775,0.0
-3.321031600939326,-1.7202265972245723,-2.595012529712739,1.0
-2.0061094404717794,-1.386449122242317,-3.8560951351564143,1.0
-4.953479863088185,-2.0181129347271454,0.08714002188749248,0.0
2.2450519081755695,1.110539662788944,-0.3977285241079329,1.0
2.313445702772454,0.4400092761423853,-0.6187274589632867,1.0
4.02750629424329,2.1621832792900717,-3.345262506960905,0.0
0.20490623132566554,2.088529133138154,0.6178824409953982,1.0
-0.8230477121194646,-0.6200086066501109,-1.1658237214320142,0.0
3.463048789907649,-3.2366407125055607,3.899766368354218,0.0
4.443327726879902,-4.792270584899963,3.044002317443386,0.0
0.22583024936028018,-3.440940551640621,4.001076486454497,0.0
-0.7570757224943296,2.0751148142296794,-0.49278266069956533,0.0
-1.0571216767840164,4.313126411974022,1.6107409398101415,1.0
1.7498507874848688,-1.7092523933079762,1.0753880794522033,0.0
-2.38479729810022,-3.706299275068825,-2.5221696439186103,1.0
2.110151737192222,-0.9836496401840842,3.487642335398096,0.0
0.6587260206124697,2.9693911327756854,2.999818727083486,1.0
3.9524432635610918,3.9495061323481337,4.846020987379815,1.0
-1.4803094028312938,3.6609422213151905,-2.846264483214421,0.0
-3.8495092179530364,-3.7214085648689323,-2.1108753845261328,1.0
3.7856199543651883,0.15968564318642908,-4.442342543987998,1.0
-3.198851366341345,1.3911047010448998,-2.3587735814718225,0.0
-2.8367106604883596,0.8786643293734411,-3.2851785400218745,0.0
-4.502873579703081,-3.837458875446055,-3.7303793510800967,1.0
2.8026176667388487,4.123435834317625,0.5795072263022059,1.0
0.8956151908903127,0.3993283827158214,0.9730393024552537,1.0
-4.228801198120912,3.4457343307350925,4.274641012055978,1.0
-3.129137582194356,3.4950153385701235,-0.5189146921872281,0.0
-2.060180104277377,3.038588371680598,-0.7887776157850581,0.0
-3.7761905542266327,-4.703896769271224,-2.5782663536007187,1.0
2.7966360946479805,-1.2982064854650863,1.3233777032295801,1.0
-3.970666481463504,3.8612386874216718,1.7816552052404777,1.0
2.44113238142985,1.4259899505719833,-4.986828010488503,0.0
-4.896566371769944,2.7425916956023375,2.8035510996346327,1.0
4.87957971063244,-3.445262071675165,0.824526040358629,1.0
3.960629691899019,2.219569703545183,3.616611475654379,1.0
-2.7831834327293703,4.1649808423630965,-2.071081392166849,0.0
-3.0712749288511256,-4.272874293013541,0.2163964938453411,0.0
-0.35656355991299105,-1.1913412609712761,-3.303539418921333,1.0
-2.580224310076601,2.1120082842803978,-0.01444930571881109,0.0
1.7782248323620875,3.5096369232638196,-4.670540117437327,0.0
0.09117581823851584,-0.06356457412191041,-4.650143657197877,1.0
3.7655620897163296,-3.886421690338567,-2.554190205038658,1.0
4.054715171103643,-0.91773835786584,3.650173889905279,1.0
1.8723753279590998,-4.320624479477269,-3.955144560021594,1.0
3.4986465128101827,-3.4723905204757455,-3.8873912054408075,1.0
-2.5732159897562603,0.30880425798178734,3.9148892173689482,0.0
-0.002688202463275502,0.3388051729284314,2.9858278953923794,1.0
-2.086629375800003,1.3722833747152938,3.8206184617667773,1.0
-4.600446255337501,-3.615993715189223,0.4340323381614377,0.0
0.44445538107302873,0.7087228304851418,4.5653635800665135,1.0
1.0837066116018654,1.773654766443853,-0.6365834388427896,0.0
1.8412399366715961,-2.7517190346050002,-0.08626540138523531,1.0
2.2130053430415506,2.72484185188159,4.020917475149078,1.0
0.3748181359408349,-4.751841340373936,2.2662878129064072,0.0
-0.6361851168054677,-0.7321084534045212,1.841989645038379,0.0
-4.781391912812357,3.3981557502286925,-2.9711706151171278,0.0
4.57584026730466,-4.363421446159279,4.702425701782097,0.0
-1.1358099073579586,0.8838564399936208,0.6726488197897007,0.0
-1.342616036499551,4.429969336583884,2.979597884488073,1.0
3.5709414945962816,1.803499343138725,2.7155322304846603,1.0
3.695626977351429,3.894699432693697,1.715877559840112,1.0
4.7941754158801135,-2.8047949588827112,2.2073261220480695,0.0
2.565872346458262,3.8489126054937763,-1.4783790792944496,0.0
-2.206955987942391,-1.1821789028104766,-2.9517295032489854,1.0
3.9297115259665567,0.9392965906348092,-4.875899569411827,0.0
1.5801160520071287,-0.7469330151954523,-4.518578286551865,1.0
1.2329774435837058,3.7118220932738097,3.3305496083462707,1.0
2.3953122759181884,2.4492425342830977,-3.8773239956370764,0.0
-4.106791144190033,0.6489792024612182,-3.2218846993201278,0.0
4.140781853372246,2.9751252157024304,-2.9027550204673283,0.0
-3.227472068975492,-2.346570008002277,2.9359685466311163,0.0
-2.067602871668414,-1.8716678792728447,-2.2239941880300473,1.0
-4.375253603850139,2.6960166111874155,-1.7334830837667372,0.0
-2.677730926105947,-3.0254550561254834,-4.175117566094998,1.0
-3.9056248346638,1.964119437070421,2.696399356754318,1.0
-1.324157222735077,-1.9302734986779146,-2.674455580460866,1.0
1.6704458813769438,1.2302065860048428,-3.8370747220798407,0.0
-0.2972870179991274,4.485087092937343,-1.015167399128508,0.0
1.212690871272474,0.7512870199820494,-2.0934586022724555,0.0
0.7824380234640271,-0.2190169422498025,-1.311657381208863,1.0
-2.1604641326650675,3.3495447249638524,-1.8840782966585188,0.0
4.654636547350767,-2.919866734855102,-3.985918471731329,1.0
4.119607989801658,4.212840856725396,-3.416497337758657,0.0
-3.8992734332433168,2.9850371262002486,0.05487235213999497,0.0
-2.499136378785364,-1.3853826624011232,0.34456782187466306,0.0
2.7215057759182404,4.978601176251598,0.2520526100891871,1.0
3.6839984346405785,-0.1494349589991204,1.2560210180205988,1.0
3.7245878959627348,-3.2855035011731646,1.0550491800816761,1.0
-2.6081922771420487,-4.376384890196783,-3.121220822651898,1.0
-2.810925210947286,4.900230942672174,1.2827657873021767,1.0
-2.056908132058506,-1.9208125992748393,0.17303018621068667,0.0
-2.287166313348936,-0.2807319178479437,2.7134984246950538,0.0
-4.619919226180814,2.0350619685558025,1.0607700756967295,0.0
-2.3038117388785038,1.4889799272971835,0.811292641452046,0.0
-3.4784097696586738,-1.5508951561201978,-0.02390015389823219,0.0
-1.5294813929437066,-2.6184370857288943,0.672126203273173,0.0
-1.1643201273033013,-0.3763275347260606,2.8194356344766156,0.0
-2.2232348396439274,1.7829971894535053,-2.743928828484953,0.0
4.962328352572596,2.219496186151967,-4.8996777013765715,0.0
0.9412690168102777,-1.4911478986841162,-0.8850061293939948,1.0
2.18114930567031,-3.5793007025095447,-2.984074684470329,1.0
-0.21656740267921926,0.3946888541982796,-0.30305258558092873,0.0
-2.3729806454007907,2.0416463684880712,-1.743554475196877,0.0
1.1979302101339062,1.3517036643642788,4.37192503114462,1.0
-1.8066674772540425,0.2912346462208282,-0.6898359695386507,0.0
2.3555661905043754,4.12256348769812,1.5330467626378024,1.0
4.306460474188148,3.9615603922991305,1.886786508533457,1.0
1.3902006012696564,2.456131024139876,-3.3014821985895026,0.0
-2.1620759789202926,1.4815033835377633,-2.9877010890041933,0.0
1.7809403790515503,-2.4905820366746525,-2.2110610187980297,1.0
3.322929374731711,-0.8779115190675713,1.8995098659188354,1.0
-2.7366167257639873,-1.5406147616826047,0.39303110739972613,0.0
4.459274312380227,1.795738120438478,4.5159812710904,1.0
4.868233946100693,-0.69483733864947,4.914711450566543,1.0
3.76440994388855,3.536903834076302,4.061275864129332,1.0
0.7570318768730537,-4.862246179679577,3.576791281547724,0.0
2.9462848145804514,4.997471446106621,2.9670759242828364,1.0
1.9445205166812638,4.421047463538331,1.455173804673688,1.0
4.07736510922957,4.047993475045672,-1.5552652542075487,0.0
3.578843574052998,-3.3717771614613987,-0.19505863834460424,1.0
-1.566539865341353,-3.3983931028127756,-4.7135586316706775,1.0
4.119318338683669,1.3539006551277621,1.7431559963821996,1.0
1.9325692692970282,-2.8273372121616704,-1.5719506397372451,1.0
0.42133920953912973,0.03221638090610934,2.105901381515678,1.0
0.5089829308525147,-1.729924427681949,4.9915593808006005,0.0
-3.9362732694037383,1.7060239712630532,0.1748592616404352,0.0
-4.130035484570133,3.024321625119809,1.663784572732121,1.0
-0.646941888489537,1.4053161401064926,1.1662406755588295,1.0
-0.23753750187647604,2.189093018635778,0.9768902179396335,1.0
-4.699099077244211,-0.5972478212205656,2.8356898331059117,0.0
3.2561591322038996,-1.6315547387260465,-0.5260129765064558,1.0
3.47248157177423,1.0910292536065214,1.0211113257854016,1.0
1.3362004045008522,-0.22679847324074487,-1.2523965191623865,1.0
4.702403152263274,-4.333076122429804,-3.4872062859405895,1.0
4.745646196673919,0.6389417885546953,-4.218270229003455,1.0
-1.7890822036102252,-2.513396651430213,-1.9779901076910855,1.0
-1.6151112016266067,-0.29231335121992164,-1.5338787899000494,0.0
-0.4191499936068368,-1.8823181184890405,4.173613076992719,0.0
-2.978815250313438,-4.429662517996901,4.059223517330977,0.0
2.970400354308137,-1.5782387005568088,-0.4754788109218815,1.0
3.661002348881091,1.2884622744461502,-3.5189110071993346,0.0
-3.1592273082343105,2.6412663468980293,-4.325974504150249,0.0
